algorithm,repeat,receiver_gbps,retransmissions,sender_process_cpu_pct,receiver_process_cpu_pct,live_algorithm_verified,ecn_verified,ecn_evidence
bbr,1,60.792139040653396,2891,91.45763347723603,56.5967375366121,True,False,not_established
cubic,1,96.11356707549253,4,98.719549833484,72.07010455109403,True,False,not_established
dctcp,1,102.74130895485001,1,99.3703018670079,73.14915466279957,True,True,active_dctcp_kernel_state
dctcp,2,100.06208678192687,4,97.7460306740609,71.43196796054563,True,True,active_dctcp_kernel_state
bbr,2,67.59731913822202,3398,95.5137832458593,58.9952881076922,True,False,not_established
cubic,2,104.92381728643905,2,99.87871590843,73.16545119265032,True,False,not_established
bbr,3,67.99927943169445,2419,95.76464592953236,59.09372675393286,True,False,not_established
dctcp,3,80.22582467480913,26,90.96940095082093,65.6044114576265,True,True,active_dctcp_kernel_state
cubic,3,93.5185134432843,67,97.84671516428303,71.39992498220785,True,False,not_established
