phase,level,buffer_kb,repeat,gbps,retransmissions,sender_cores,receiver_cores,cores_used,bottleneck_side,tpc_bottleneck_gbps,tpc_total_gbps,cpu_samples,cpu0_busy,cpu0_usr,cpu0_sys,cpu0_soft,cpu1_busy,cpu1_usr,cpu1_sys,cpu1_soft,cpu2_busy,cpu2_usr,cpu2_sys,cpu2_soft,cpu3_busy,cpu3_usr,cpu3_sys,cpu3_soft
levels,no-opt,,2,18.060507365066226,4461,0.9926733333333334,0.38134,1.3740133333333335,sender,18.193807326746857,13.14434651172688,15,99.26733333333334,0.9953333333333333,35.047333333333334,63.224666666666664,9.710666666666668,8.431333333333333,1.0753333333333333,0.0,38.134,2.5786666666666664,31.374000000000002,4.092666666666667,7.243333333333339,6.093333333333333,0.9453333333333334,0.0
levels,no-opt,,3,18.390265781645155,0,0.9985642857142857,0.36465714285714285,1.3632214285714286,sender,18.41670691085288,13.490299812054019,14,99.85642857142857,0.6414285714285715,35.33142857142857,63.88357142857143,3.615714285714276,3.0371428571428574,0.5064285714285715,0.0,36.465714285714284,2.3907142857142856,31.006428571428568,3.067142857142857,3.97071428571428,3.1057142857142863,0.7935714285714285,0.0
levels,tso-gro,,3,106.29015396600528,3,0.9984307692307692,0.7728999999999999,1.7713307692307692,sender,106.45720989537956,60.00581924750486,13,99.84307692307692,2.7176923076923076,71.61615384615385,25.50923076923077,6.677692307692297,5.982307692307692,0.6184615384615384,0.0,77.28999999999999,3.9476923076923076,68.39461538461538,4.946923076923077,6.555384615384611,5.232307692307692,1.243846153846154,0.0
levels,tso-gro,,2,108.27167280402448,4,1.0,0.7743357142857142,1.7743357142857143,sender,108.27167280402448,61.02096234229883,14,100.0,1.4271428571428573,72.71357142857143,25.85928571428571,3.673571428571435,3.170714285714286,0.5028571428571429,0.0,77.43357142857143,2.119285714285714,70.30928571428572,5.002857142857143,3.1014285714285705,2.525714285714286,0.5757142857142857,0.0
levels,jumbo,,3,102.50570562519258,5,0.9985785714285714,0.7604428571428571,1.7590214285714285,sender,102.6516175673061,58.274279073701535,14,99.85785714285714,1.5707142857142855,72.36071428571428,25.92642857142857,5.229285714285723,4.356428571428571,0.6514285714285714,0.0,76.0442857142857,2.3764285714285713,68.82928571428572,4.838571428571428,4.8992857142857105,4.109285714285714,0.79,0.0
levels,jumbo,,1,103.37941015087883,109,0.9986733333333333,0.7719333333333332,1.7706066666666667,sender,103.51674236241297,58.38643448999335,15,99.86733333333333,2.128,72.24,25.499333333333333,6.60799999999999,5.666,0.8086666666666668,0.0,77.19333333333333,2.644,69.37733333333334,5.171333333333333,6.373333333333321,5.502000000000001,0.804,0.0
levels,jumbo,,2,106.36316044662668,5,0.9993333333333334,0.76552,1.7648533333333334,sender,106.43411652430954,60.267421908502314,15,99.93333333333334,1.3966666666666667,72.82333333333332,25.71333333333333,0.7986666666666622,0.5326666666666667,0.19933333333333333,0.0,76.55199999999999,2.0586666666666664,69.588,4.904,0.7313333333333389,0.532,0.13266666666666665,0.0
levels,no-opt,,1,18.769283750383412,0,0.9993466666666667,0.35001999999999994,1.3493666666666666,sender,18.78155436590247,13.90969868608736,15,99.93466666666667,0.39599999999999996,34.53066666666667,65.00733333333334,0.46399999999999864,0.39799999999999996,0.066,0.0,35.001999999999995,1.0686666666666667,30.625999999999998,3.308,0.7339999999999947,0.6013333333333333,0.13266666666666665,0.0
levels,tso-gro,,1,109.31887817078889,7,1.0,0.7744538461538462,1.7744538461538462,sender,109.31887817078889,61.60705639526162,13,100.0,1.4546153846153846,72.41615384615385,26.12923076923077,0.6115384615384585,0.4584615384615385,0.07615384615384616,0.0,77.44538461538461,1.9976923076923077,70.53846153846153,4.907692307692307,0.769999999999996,0.46076923076923076,0.3092307692307692,0.0
buffers,jumbo,1600,3,108.58083235576149,33,0.9964,0.7713714285714286,1.7677714285714285,sender,108.97313564408019,61.42243878412936,14,99.64,1.6371428571428572,72.91857142857143,25.084285714285716,2.3700000000000045,1.6500000000000001,0.35714285714285715,0.0,77.13714285714286,1.9242857142857144,70.36357142857143,4.847857142857143,1.9299999999999926,1.5014285714285713,0.2857142857142857,0.0
buffers,jumbo,100,3,51.40484348457663,26,0.6951928571428572,0.6315571428571428,1.32675,sender,73.94328488333893,38.744935733617204,14,69.51928571428572,1.0842857142857143,43.771428571428565,24.66357142857143,1.0064285714285717,0.7914285714285715,0.215,0.0,63.15571428571428,1.395,39.887142857142855,21.87,0.7842857142857156,0.5707142857142857,0.21357142857142858,0.0
buffers,jumbo,800,2,106.76758868279873,28,0.99802,0.7681933333333333,1.7662133333333334,sender,106.97940791046145,60.44999585712488,15,99.802,1.3313333333333333,72.60733333333334,25.863333333333333,0.7306666666666644,0.532,0.132,0.0,76.81933333333333,1.9773333333333334,69.84200000000001,4.999333333333333,0.7986666666666622,0.5993333333333334,0.13266666666666665,0.0
buffers,jumbo,200,2,100.43647959195577,79,0.96042,0.7636400000000001,1.7240600000000001,sender,104.5755810915597,58.25579132510224,15,96.042,1.4313333333333333,70.13666666666667,24.470000000000002,1.5353333333333268,1.3373333333333335,0.19799999999999998,0.0,76.364,2.1166666666666667,67.22,7.029333333333333,1.3986666666666707,1.2653333333333334,0.13333333333333333,0.0
buffers,jumbo,1600,1,105.88247977085389,5,0.9993266666666666,0.76412,1.7634466666666666,sender,105.95382201100797,60.04291582631016,15,99.93266666666666,1.5286666666666666,72.82133333333333,25.582666666666668,0.597999999999999,0.39866666666666667,0.13266666666666665,0.0,76.412,1.8853333333333333,69.73733333333332,4.791333333333333,0.7319999999999993,0.666,0.066,0.0
buffers,jumbo,100,2,52.126847469477326,34,0.6947533333333333,0.6283933333333334,1.3231466666666667,sender,75.02928732904338,39.396121973989274,15,69.47533333333334,1.176,44.172000000000004,24.128,0.46733333333332894,0.33533333333333326,0.066,0.0,62.839333333333336,1.5533333333333332,39.763333333333335,21.522,0.6633333333333411,0.5306666666666666,0.13266666666666665,0.0
buffers,jumbo,3200,1,106.83924843967141,11,0.9985714285714287,0.7654714285714286,1.7640428571428572,sender,106.9920942886552,60.56499591666058,14,99.85714285714286,1.3542857142857143,72.46714285714286,26.035714285714285,0.5728571428571456,0.5014285714285714,0.07142857142857142,0.0,76.54714285714286,2.019285714285714,69.54642857142856,4.980714285714286,0.6421428571428578,0.4992857142857143,0.14285714285714285,0.0
buffers,jumbo,1600,2,107.84366041855436,4,1.0,0.7711461538461538,1.771146153846154,sender,107.84366041855436,60.88919324041393,13,100.0,1.3823076923076922,72.35615384615384,26.26153846153846,0.6130769230769317,0.38384615384615384,0.15307692307692308,0.0,77.11461538461538,1.9984615384615385,70.10615384615384,5.01,0.5361538461538515,0.5361538461538462,0.0,0.0
buffers,jumbo,800,3,106.9204872821669,6,0.9978785714285715,0.7660499999999999,1.7639285714285715,sender,107.14779367303039,60.614975580090565,14,99.78785714285715,1.5664285714285715,71.92571428571429,26.295714285714286,0.49642857142858077,0.4257142857142857,0.07071428571428572,0.0,76.60499999999999,2.0314285714285716,69.06428571428572,5.51,0.8571428571428612,0.5007142857142857,0.28500000000000003,0.0
buffers,jumbo,400,2,105.9936663094827,17,0.9977153846153846,0.7661384615384615,1.7638538461538462,sender,106.23637556751002,60.09209126969682,13,99.77153846153846,1.3784615384615386,72.83769230769231,25.555384615384618,0.6899999999999977,0.3830769230769231,0.23076923076923078,0.0,76.61384615384615,2.003076923076923,69.77230769230769,4.838461538461538,0.4607692307692304,0.38384615384615384,0.07692307692307693,0.0
buffers,jumbo,3200,2,105.96021987829603,5,1.0,0.7657571428571428,1.7657571428571428,sender,105.96021987829603,60.008376750408345,14,100.0,1.3542857142857143,72.70428571428572,25.94142857142857,0.7835714285714346,0.6414285714285715,0.07142857142857142,0.0,76.57571428571428,1.9414285714285715,69.74,4.894285714285714,0.5692857142857122,0.4985714285714286,0.07071428571428572,0.0
buffers,jumbo,800,1,106.73252293263012,8,0.9993000000000001,0.7658142857142858,1.7651142857142859,sender,106.80728803425409,60.46776902575396,14,99.93,1.352857142857143,72.28285714285714,26.294285714285714,0.4985714285714238,0.35571428571428576,0.14285714285714285,0.0,76.58142857142857,1.9407142857142858,69.41142857142857,5.230714285714286,0.499285714285719,0.3571428571428571,0.07142857142857142,0.0
buffers,jumbo,200,1,102.97086393495451,79,0.9654,0.7670533333333333,1.7324533333333334,sender,106.66134652470946,59.436443079729614,15,96.54,1.2873333333333332,70.15133333333333,25.1,0.6646666666666619,0.5326666666666666,0.132,0.0,76.70533333333333,2.0493333333333332,67.79866666666666,6.860666666666666,0.4680000000000035,0.402,0.066,0.0
buffers,jumbo,400,3,107.70840763178529,6,0.9985714285714287,0.7667428571428572,1.7653142857142858,sender,107.8624969130897,61.01372911521194,14,99.85714285714286,1.282857142857143,72.16928571428572,26.405,0.5,0.35714285714285715,0.14285714285714285,0.0,76.67428571428572,1.6871428571428573,70.08785714285715,4.897142857142858,0.5678571428571502,0.42642857142857143,0.07071428571428572,0.0
buffers,jumbo,100,1,50.90107371539411,16,0.6944866666666667,0.63262,1.3271066666666667,sender,73.29308993029976,38.35492277590908,15,69.44866666666667,1.26,45.05866666666667,23.13,1.0093333333333447,0.7406666666666667,0.26866666666666666,0.0,63.26199999999999,1.4633333333333334,40.214666666666666,21.582,1.271333333333331,0.734,0.5373333333333333,0.0
buffers,jumbo,200,3,99.061293114133,76,0.9613142857142857,0.7584214285714285,1.7197357142857141,sender,103.04776969014608,57.602625968187056,14,96.13142857142857,1.3842857142857141,69.41642857142857,25.330000000000002,0.5728571428571456,0.35857142857142854,0.14285714285714285,0.0,75.84214285714285,1.967142857142857,66.50642857142857,7.3707142857142856,0.643571428571434,0.5721428571428572,0.0,0.0
buffers,jumbo,400,1,106.59837450986221,16,0.9971642857142856,0.7664785714285713,1.763642857142857,sender,106.90151666784175,60.442154758335874,14,99.71642857142857,1.425,71.82642857142856,26.465,0.5,0.2864285714285714,0.21357142857142858,0.0,76.64785714285713,1.9628571428571429,69.75714285714285,4.927142857142857,0.6414285714285768,0.4278571428571428,0.14214285714285715,0.0
buffers,jumbo,3200,3,107.40663641764029,10,1.0,0.7729857142857142,1.7729857142857142,sender,107.40663641764029,60.57952726421791,14,100.0,1.3578571428571429,72.76642857142858,25.875714285714285,0.355714285714285,0.28500000000000003,0.07071428571428572,0.0,77.29857142857142,1.8535714285714284,70.80499999999999,4.639285714285714,0.7807142857142964,0.5671428571428572,0.14214285714285715,0.0
