loss_percent,repeat,seed,gbps,retransmissions,netem_packets,netem_drops,measured_loss_percent,sender_cores,receiver_cores,cores_used,bottleneck_side,tpc_bottleneck_gbps,tpc_total_gbps,cpu_samples,cpu0_busy,cpu0_usr,cpu0_sys,cpu0_soft,cpu1_busy,cpu1_usr,cpu1_sys,cpu1_soft,cpu2_busy,cpu2_usr,cpu2_sys,cpu2_soft,cpu3_busy,cpu3_usr,cpu3_sys,cpu3_soft
0.15,2,1001,11.25953816131191,26738,17404617,26227,0.1504631674748509,0.9274866666666667,0.39075333333333334,1.31824,sender,12.139838302773708,8.541341607986338,15,92.74866666666667,0.8713333333333334,23.658,68.21866666666666,2.3713333333333253,2.0326666666666666,0.338,0.0,39.07533333333333,1.7773333333333334,24.550666666666665,12.746666666666666,2.893333333333345,2.4226666666666667,0.4706666666666667,0.0
0.015,3,1002,12.309781120862974,5220,19240037,2927,0.015210754434711826,0.9926866666666666,0.3008866666666667,1.2935733333333332,sender,12.40046989066336,9.51610612530379,15,99.26866666666666,0.4633333333333333,24.764666666666663,74.04066666666667,1.691333333333347,1.4906666666666666,0.20066666666666666,0.0,30.08866666666667,1.4133333333333333,25.061333333333334,3.6153333333333335,1.6686666666666667,1.3373333333333333,0.2653333333333333,0.0
0.0,3,1003,13.218072647563298,1241,20599803,0,0.0,0.99934,0.2936333333333333,1.2929733333333333,sender,13.226802337105788,10.223004842247299,15,99.934,0.2653333333333333,24.665333333333333,75.00333333333333,1.139333333333326,0.8046666666666666,0.26799999999999996,0.0,29.36333333333333,1.108,25.86733333333333,2.3886666666666665,0.6673333333333318,0.534,0.06666666666666667,0.0
0.15,3,1004,11.271405077084108,27054,17578130,26525,0.15067037667026137,0.9362642857142858,0.37620000000000003,1.3124642857142859,sender,12.038700235676549,8.587970887870554,14,93.62642857142858,0.49642857142857144,22.724285714285713,70.40571428571428,1.874285714285719,1.1535714285714285,0.7207142857142858,0.0,37.620000000000005,1.4492857142857143,24.48,11.690714285714284,1.6514285714285677,1.2207142857142856,0.36,0.0
1.5,1,1005,9.101191901358455,180346,14324717,218149,1.500041326104497,0.37065714285714285,0.6316857142857143,1.0023428571428572,receiver,14.407784908749646,9.079918948393646,14,37.065714285714286,0.4335714285714286,13.309285714285716,23.322142857142858,1.1535714285714391,0.5771428571428572,0.5764285714285714,0.0,63.16857142857143,0.725,15.92,46.526428571428575,1.2849999999999966,0.9278571428571428,0.2857142857142857,0.0
0.15,1,1006,11.343302030537723,27752,17657540,26586,0.15033821858089,0.9434785714285714,0.37022142857142853,1.3136999999999999,sender,12.022850729256334,8.634621321867796,14,94.34785714285714,0.2842857142857143,23.979285714285712,70.08428571428571,1.0092857142857241,0.7935714285714285,0.21571428571428572,0.0,37.02214285714285,1.2685714285714287,25.115000000000002,10.63642857142857,0.645714285714277,0.5028571428571429,0.07142857142857142,0.0
1.5,3,1007,10.265229563788422,203427,16021971,244227,1.5014387504689173,0.4093714285714286,0.6914428571428571,1.1008142857142857,receiver,14.84609965631267,9.32512386240302,14,40.93714285714286,0.49642857142857144,14.569999999999999,25.869285714285716,0.8628571428571377,0.72,0.14285714285714285,0.0,69.14428571428572,0.8235714285714285,17.181428571428572,51.13857142857143,0.5685714285714312,0.42714285714285716,0.07071428571428572,0.0
0.015,1,1008,12.476358529576428,4918,19384820,2934,0.015133264018101323,0.9942928571428571,0.2862142857142858,1.2805071428571428,sender,12.547971596042414,9.743294755653173,14,99.42928571428571,0.28357142857142853,24.432142857142857,74.71357142857143,1.152142857142863,0.7935714285714285,0.2871428571428571,0.0,28.62142857142858,0.9571428571428572,24.114285714285717,3.5485714285714285,1.2235714285714323,0.7178571428571429,0.28928571428571426,0.0
0.015,2,1009,12.460096599982881,5100,19453566,2866,0.014730347270249756,0.9926933333333333,0.29488,1.2875733333333332,sender,12.551808480614572,9.677193739113537,15,99.26933333333334,0.2,24.00133333333333,75.068,1.1413333333333355,0.8726666666666667,0.20133333333333334,0.0,29.488,1.1493333333333335,24.983333333333334,3.353333333333333,0.7353333333333296,0.602,0.13333333333333333,0.0
0.0,1,1010,12.542006576134495,2885,19743189,0,0.0,0.99466,0.30762,1.30228,sender,12.609340454159709,9.630806413470602,15,99.466,0.5333333333333333,25.16466666666667,73.768,4.913333333333341,4.030666666666667,0.8140000000000001,0.0,30.762,2.2479999999999998,25.221333333333334,3.292666666666667,5.019333333333336,3.868666666666667,1.15,0.0
0.0,2,1011,13.122560497314012,0,20362387,0,0.0,0.9993333333333334,0.29866,1.2979933333333333,sender,13.131314707118758,10.109882817051458,15,99.93333333333334,0.3973333333333333,24.915333333333333,74.62066666666666,2.162000000000006,1.6900000000000002,0.47200000000000003,0.0,29.866,1.2753333333333332,26.294666666666668,2.296,2.1453333333333404,1.542,0.5366666666666667,0.0
1.5,2,1012,8.998238913563965,178183,14433921,220260,1.5030522688371326,0.37769285714285716,0.6246071428571429,1.0023,receiver,14.406237611057865,8.977590455516278,14,37.769285714285715,1.2357142857142855,13.462142857142856,23.07,2.152142857142863,1.7249999999999999,0.35642857142857143,0.0,62.46071428571429,1.0435714285714286,14.947142857142856,46.472142857142856,2.2157142857142844,1.8585714285714285,0.35714285714285715,0.0
