phase,condition,repeat,rpc_flows,message_bytes,bulk_flows,rpc_tps,rpc_request_gbps,rpc_bidirectional_gbps,bulk_gbps,goodput_gbps,sender_cores,receiver_cores,cores_used,bottleneck_side,tpc_bottleneck_gbps,tpc_total_gbps,cpu_samples,cpu0_busy,cpu0_usr,cpu0_sys,cpu0_soft,cpu1_busy,cpu1_usr,cpu1_sys,cpu1_soft,cpu2_busy,cpu2_usr,cpu2_sys,cpu2_soft,cpu3_busy,cpu3_usr,cpu3_sys,cpu3_soft
sizes,rpc-32KiB,1,16,32768,0,101439.25,26.591690752,53.183381504,0.0,53.183381504,1.2159941176470588,0.9964764705882352,2.212470588235294,receiver,53.371437333191665,24.038006103583967,17,61.17823529411765,6.841764705882353,40.307647058823534,14.028823529411765,60.421176470588236,6.912352941176471,39.008823529411764,14.498235294117647,99.64764705882352,4.651764705882353,56.01117647058823,38.98470588235294,10.407647058823528,8.49235294117647,1.8541176470588234,0.0
sizes,rpc-16KiB,1,16,16384,0,119655.94,15.68354336768,31.36708673536,0.0,31.36708673536,1.2227,0.9976647058823529,2.2203647058823526,receiver,31.4405095724203,14.126997538854775,17,61.554117647058824,7.644705882352942,38.56588235294117,15.340000000000002,60.71588235294117,6.939411764705882,37.36705882352941,16.404705882352943,99.7664705882353,5.2958823529411765,52.154117647058825,42.31588235294117,7.053529411764714,6.041176470588235,0.953529411764706,0.0
sizes,rpc-64KiB,1,16,65536,0,64948.32,34.05162479616,68.10324959232,0.0,68.10324959232,1.1069117647058824,0.9994176470588235,2.106329411764706,receiver,68.14293282967375,32.332668010965264,17,55.46411764705882,4.581764705882353,40.19941176470588,10.681764705882353,55.22705882352941,4.3500000000000005,40.12294117647059,10.753529411764706,99.94176470588235,3.6452941176470586,63.82647058823529,32.47,6.631764705882347,5.62,0.953529411764706,0.0
sizes,rpc-4KiB,1,16,4096,0,143606.6,4.7057010688,9.4114021376,0.0,9.4114021376,1.2298470588235295,0.9970764705882352,2.226923529411765,receiver,9.438997323893974,4.226190083898388,17,61.57176470588235,8.008823529411766,34.76058823529412,18.79941176470588,61.41294117647059,7.483529411764706,35.55882352941177,18.366470588235295,99.70764705882353,5.762941176470588,47.08470588235294,46.85647058823529,5.910588235294114,4.777647058823529,1.0735294117647058,0.0
sizes,rpc-64KiB,2,16,65536,0,62775.74,32.912567173119996,65.82513434623999,0.0,65.82513434623999,1.1665999999999999,0.9976588235294117,2.1642588235294116,receiver,65.97960424323297,30.414631388169294,17,58.88411764705882,6.902352941176471,40.769411764705886,11.211764705882352,57.77588235294118,7.064705882352941,40.51882352941176,10.191764705882353,99.76588235294118,3.5441176470588234,65.01117647058824,31.210000000000004,15.647647058823523,13.234117647058822,2.351764705882353,0.0
sizes,rpc-32KiB,2,16,32768,0,100131.94,26.24898727936,52.49797455872,0.0,52.49797455872,1.2005705882352942,0.9976470588235294,2.1982176470588235,receiver,52.621790536452835,23.88206401170574,17,60.67941176470588,7.176470588235294,39.86941176470588,13.632352941176471,59.37764705882353,6.826470588235294,39.171176470588236,13.379411764705882,99.76470588235294,4.593529411764706,56.30117647058824,38.87,9.22176470588235,8.144117647058822,1.0170588235294118,0.0
sizes,rpc-4KiB,2,16,4096,0,138328.62,4.53275222016,9.06550444032,0.0,9.06550444032,1.2634235294117646,0.9934823529411765,2.256905882352941,receiver,9.124977825204272,4.01678444422713,17,62.995294117647056,9.43,34.9,18.664117647058823,63.34705882352941,10.121764705882352,34.985882352941175,18.238235294117647,99.34823529411764,5.958823529411765,47.31823529411764,46.06647058823529,13.811764705882354,11.955294117647059,1.796470588235294,0.0
sizes,rpc-16KiB,2,16,16384,0,117260.57,15.369577431040002,30.739154862080003,0.0,30.739154862080003,1.2540882352941176,0.9946882352941177,2.2487764705882354,receiver,30.90330595193055,13.669279834664604,17,63.35,9.304117647058824,38.279411764705884,15.763529411764708,62.05882352941177,8.647647058823528,38.01294117647059,15.39529411764706,99.46882352941176,5.490588235294118,51.35588235294117,42.62117647058823,13.214117647058828,11.711764705882352,1.5023529411764704,0.0
sizes,rpc-16KiB,3,16,16384,0,120680.44,15.817826631680001,31.635653263360002,0.0,31.635653263360002,1.2069588235294118,0.9994176470588235,2.206376470588235,receiver,31.654087114091148,14.338284370357576,17,60.70294117647059,6.014705882352941,38.59294117647059,16.092352941176472,59.99294117647059,5.934705882352941,37.489411764705885,16.56529411764706,99.94176470588235,5.293529411764705,51.24058823529412,43.40705882352941,1.1264705882352928,0.8305882352941176,0.23705882352941177,0.0
sizes,rpc-64KiB,3,16,65536,0,65155.61,34.16030445568,68.32060891136,0.0,68.32060891136,1.1418235294117647,0.9976294117647059,2.1394529411764704,receiver,68.48295379594686,31.93368154842002,17,57.49941176470588,6.495882352941176,40.03176470588235,10.970588235294118,56.68294117647059,5.960588235294118,39.677058823529414,11.044705882352941,99.76294117647059,3.777647058823529,64.06705882352942,31.918235294117647,8.808235294117651,7.364705882352942,1.4429411764705884,0.0
sizes,rpc-32KiB,3,16,32768,0,100863.37,26.44072726528,52.88145453056,0.0,52.88145453056,1.2134176470588236,0.9945764705882353,2.207994117647059,receiver,53.169822627398005,23.949997922509382,17,61.114117647058826,7.978235294117646,38.959999999999994,14.173529411764704,60.22764705882353,8.041764705882354,38.49176470588235,13.697058823529412,99.45764705882353,5.021764705882354,55.527058823529416,38.90882352941177,9.961176470588228,8.637058823529413,1.3241176470588236,0.0
sizes,rpc-4KiB,3,16,4096,0,138923.69,4.55225147392,9.10450294784,0.0,9.10450294784,1.249929411764706,0.9935352941176471,2.243464705882353,receiver,9.16374385665449,4.0582331979496,17,62.70823529411764,9.289411764705882,34.321176470588235,19.09647058823529,62.284705882352945,8.681764705882355,34.53588235294118,19.065882352941177,99.35352941176471,5.947647058823529,47.85,45.55294117647059,10.598235294117657,8.924705882352942,1.6117647058823528,0.0
mixed,bulk-plus-1,1,1,4096,1,69175.69,2.2667490099200003,4.533498019840001,80.72834,85.26183801984,0.9987625,0.9386625,1.937425,sender,85.3674802766824,44.00781347398738,16,99.87625,3.253125,72.341875,24.28125,3.2950000000000017,2.5343750000000003,0.76,0.0,93.86625,2.5100000000000002,68.90375,22.451249999999998,3.089375000000004,2.20625,0.883125,0.0
mixed,bulk-plus-4,1,4,4096,1,162070.51,5.310726471680001,10.621452943360001,30.77458,41.39603294336,1.0,0.9225176470588236,1.9225176470588234,sender,41.39603294336,21.53219920071475,17,100.0,5.1129411764705885,63.02470588235295,31.862352941176468,0.7664705882352933,0.5305882352941176,0.23588235294117646,0.0,92.25176470588235,3.208235294117647,63.09117647058823,25.955882352941178,1.0505882352941285,0.8188235294117647,0.17411764705882352,0.0
mixed,bulk-plus-0,1,0,4096,1,0,0.0,0.0,107.36972,107.36972,0.9988352941176472,0.7639235294117647,1.7627588235294118,sender,107.494919965607,60.910045416776505,17,99.88352941176471,1.4076470588235295,72.59470588235294,25.881176470588237,2.3605882352941308,1.711176470588235,0.5905882352941176,0.0,76.39235294117647,1.608235294117647,69.5335294117647,5.250588235294117,1.7747058823529471,1.3035294117647058,0.4711764705882353,0.0
mixed,bulk-plus-16,1,16,4096,1,196912.59,6.45243174912,12.90486349824,9.497819999999999,22.40268349824,1.0,0.97655,1.97655,sender,22.40268349824,11.334235662259998,16,100.0,7.86375,59.678125,32.458125,1.9375,1.188125,0.688125,0.0,97.655,6.723125,60.541875,30.3875,1.6256249999999994,1.25125,0.374375,0.0
mixed,rpc-only-16,1,16,4096,0,217308.79,7.12077443072,14.24154886144,0.0,14.24154886144,0.9988470588235294,0.9947294117647059,1.9935764705882353,sender,14.257987482301948,7.14371837326,17,99.88470588235295,8.93,59.08941176470588,31.86529411764706,1.8241176470588272,1.2364705882352942,0.5294117647058824,0.0,99.47294117647058,7.1129411764705885,60.08764705882353,32.271764705882354,1.4094117647058795,1.0588235294117647,0.2917647058823529,0.0
mixed,bulk-plus-16,2,16,4096,1,191425.72999999998,6.27263832064,12.54527664128,9.66093,22.206206641279998,1.0,0.9743588235294118,1.9743588235294118,sender,22.206206641279998,11.247300326889741,17,100.0,7.872941176470588,59.578823529411764,32.54764705882353,2.0123529411764736,1.7176470588235293,0.29470588235294115,0.0,97.43588235294118,5.96470588235294,60.32411764705882,31.142941176470586,2.298823529411763,1.71,0.5888235294117647,0.0
mixed,bulk-plus-4,2,4,4096,1,166362.2,5.451356569600001,10.902713139200001,31.58191,42.4846231392,0.9982352941176471,0.9252235294117647,1.9234588235294119,sender,42.559728542510314,22.08761769136482,17,99.82352941176471,5.399411764705882,63.55823529411765,30.865882352941178,1.1811764705882268,0.7682352941176471,0.3541176470588235,0.0,92.52235294117646,3.238235294117647,62.93764705882353,26.348823529411764,1.0041176470588198,0.7088235294117647,0.23588235294117646,0.0
mixed,rpc-only-16,2,16,4096,0,219367.56,7.18823620608,14.37647241216,0.0,14.37647241216,0.9982235294117647,0.9935470588235294,1.991770588235294,sender,14.402057243262737,7.217935889342323,17,99.82235294117648,8.72,57.815294117647056,33.287058823529414,1.3588235294117652,0.8888235294117648,0.4111764705882353,0.0,99.35470588235295,7.516470588235294,59.9964705882353,31.840588235294117,1.657058823529411,1.2417647058823529,0.41529411764705887,0.0
mixed,bulk-plus-1,2,1,4096,1,74205.96,2.4315808972800004,4.863161794560001,83.96700999999999,88.83017179455999,0.9994176470588235,0.959435294117647,1.9588529411764706,sender,88.8819324493393,45.34805544984369,17,99.94176470588235,3.2852941176470587,73.71176470588235,22.94470588235294,0.9435294117647004,0.6488235294117647,0.23529411764705882,0.0,95.9435294117647,2.506470588235294,69.39176470588235,24.044117647058822,0.8223529411764758,0.5882352941176471,0.1758823529411765,0.0
mixed,bulk-plus-0,2,0,4096,1,0,0.0,0.0,104.55744,104.55744,1.0,0.7652588235294118,1.7652588235294118,sender,104.55744,59.23065706078762,17,100.0,1.1741176470588235,73.18117647058823,25.64470588235294,0.9994117647058829,0.6470588235294118,0.29294117647058826,0.0,76.52588235294118,1.7429411764705882,69.62882352941176,5.154705882352941,0.7029411764705884,0.5270588235294118,0.1758823529411765,0.0
mixed,bulk-plus-0,3,0,4096,1,0,0.0,0.0,100.17072999999999,100.17072999999999,0.9994176470588235,0.7677176470588236,1.7671352941176472,sender,100.22909871042548,56.68537679794149,17,99.94176470588235,1.1158823529411763,72.60764705882353,26.218235294117648,1.0576470588235338,0.7629411764705882,0.29470588235294115,0.0,76.77176470588236,1.663529411764706,69.99411764705883,5.114117647058824,0.8264705882352956,0.5905882352941176,0.23588235294117646,0.0
mixed,bulk-plus-16,3,16,4096,1,190029.92,6.2269004185600005,12.453800837120001,10.74008,23.193880837120002,1.0,0.9748529411764706,1.9748529411764706,sender,23.193880837120002,11.744611638425498,17,100.0,8.111176470588234,60.08588235294118,31.802941176470586,1.1194117647058874,0.7664705882352941,0.29411764705882354,0.0,97.48529411764706,6.475294117647059,61.15,29.856470588235293,0.6435294117647032,0.4688235294117647,0.11588235294117646,0.0
mixed,bulk-plus-4,3,4,4096,1,154391.03,5.05908527104,10.11817054208,31.57168,41.68985054208,1.0,0.9268705882352941,1.9268705882352941,sender,41.68985054208,21.6360407370488,17,100.0,5.351176470588236,63.47235294117647,31.176470588235293,0.8858823529411666,0.5923529411764706,0.29352941176470587,0.0,92.68705882352941,3.1229411764705883,63.06058823529412,26.50529411764706,0.7029411764705884,0.4111764705882353,0.23352941176470587,0.0
mixed,bulk-plus-1,3,1,4096,1,68175.16,2.23396364288,4.46792728576,78.80033,83.26825728576,1.0,0.94875625,1.94875625,sender,83.26825728576,42.72892378703596,16,100.0,3.5575,73.414375,23.028125,0.6256249999999994,0.500625,0.125,0.0,94.875625,2.36875,69.823125,22.681874999999998,0.5606250000000017,0.43625,0.124375,0.0
mixed,rpc-only-16,3,16,4096,0,216805.58,7.10428524544,14.20857049088,0.0,14.20857049088,0.9976411764705883,0.9923823529411764,1.9900235294117645,sender,14.24216524537055,7.13990075035944,17,99.76411764705882,9.17235294117647,57.04,33.55117647058824,6.087647058823535,5.114705882352942,0.6664705882352941,0.0,99.23823529411764,7.626470588235295,59.57588235294117,32.03352941176471,5.130588235294113,4.044117647058823,0.9647058823529411,0.0
