pattern,flows,repeat,gbps,min_flow_gbps,max_flow_gbps,per_flow_gbps,retransmissions,launch_span_ms,sender_cpus,receiver_cpus,sender_cores,receiver_cores,cores_used,bottleneck_side,tpc_bottleneck_gbps,tpc_total_gbps,cpu_samples,cpu0_busy,cpu0_usr,cpu0_sys,cpu0_soft,cpu1_busy,cpu1_usr,cpu1_sys,cpu1_soft,cpu2_busy,cpu2_usr,cpu2_sys,cpu2_soft,cpu3_busy,cpu3_usr,cpu3_sys,cpu3_soft
outcast-4,4,2,107.24673659029969,26.767255100567212,26.8404338698829,26.840 26.821 26.767 26.819,3,1.6109943389892578,0,2 3,1.0,0.72438,1.72438,sender,107.24673659029969,62.19437513210527,15,100.0,1.3973333333333333,73.21933333333332,25.383333333333333,0.8726666666666603,0.7393333333333333,0.13333333333333333,0.0,36.233333333333334,1.0906666666666667,33.114,2.028,36.20466666666667,1.1613333333333336,32.57333333333334,2.4006666666666665
outcast,2,2,103.90029274573897,51.854549949577596,52.04574279616136,51.855 52.046,693,1.5692710876464844,0,2 3,1.0,0.7328333333333333,1.7328333333333332,sender,103.90029274573897,59.95977267235105,15,100.0,1.666,74.13533333333334,24.198666666666668,0.33533333333333815,0.26799999999999996,0.06733333333333333,0.0,36.62866666666667,1.0846666666666667,33.37266666666667,2.1726666666666663,36.65466666666667,1.1600000000000001,33.035999999999994,2.4613333333333336
single,1,2,100.30047708925174,100.30047708925174,100.30047708925174,100.300,4,0.0,0,2,0.9985857142857142,0.7775714285714287,1.776157142857143,sender,100.44253152669665,56.47049727137738,14,99.85857142857142,1.5657142857142858,73.18357142857143,25.10928571428571,0.499285714285719,0.42857142857142855,0.07071428571428572,0.0,77.75714285714287,2.007857142857143,71.04785714285715,4.700714285714286,0.4985714285714238,0.28357142857142853,0.1442857142857143,0.0
outcast-8,8,3,101.13332516234848,12.601400192313022,12.72223726513508,12.722 12.635 12.615 12.601 12.644 12.654 12.656 12.606,1,6.446123123168945,0,2 3,1.0,0.7222,1.7222,sender,101.13332516234848,58.7233336211523,15,100.0,1.4646666666666666,72.60533333333333,25.93,0.86933333333333,0.7366666666666667,0.06666666666666667,0.0,36.336,0.9386666666666668,33.08533333333333,2.312,35.884,1.0246666666666668,32.524,2.3400000000000003
one-to-one,2,3,162.47623281915924,81.06995517304405,81.4062776461152,81.070 81.406,7,1.5430450439453125,0 1,2 3,1.9964142857142857,1.5766642857142859,3.5730785714285718,sender,81.38402634252229,45.47233696968459,14,99.71285714285715,1.4271428571428573,72.69714285714285,25.58857142857143,99.92857142857143,1.355,73.005,25.568571428571428,78.92571428571429,2.9528571428571433,71.23857142857143,4.734285714285714,78.74071428571429,2.531428571428571,71.64214285714286,4.567857142857143
incast-8,8,1,126.89528334786989,15.748571489821535,15.961404866829406,15.878 15.749 15.840 15.891 15.861 15.946 15.768 15.961,2306,8.902311325073242,0 1,2,1.1734071428571429,1.0,2.173407142857143,receiver,126.89528334786989,58.38541746074065,14,59.059285714285714,1.0142857142857142,49.05428571428571,8.987857142857143,58.28142857142858,1.0121428571428572,48.58642857142858,8.677857142857142,100.0,2.065714285714286,90.30214285714285,7.632142857142857,1.152142857142863,1.0092857142857143,0.14285714285714285,0.0
incast-4,4,1,122.9486832169041,29.88864251502028,31.82415107247059,29.889 31.239 29.997 31.824,9836,1.7271041870117188,0 1,2,1.1752714285714285,1.0,2.1752714285714285,receiver,122.9486832169041,56.52107668128961,14,57.71714285714285,1.0642857142857143,48.10071428571428,8.482857142857144,59.81,1.0442857142857143,49.67785714285714,9.09,100.0,1.8571428571428572,90.92999999999999,7.2128571428571435,1.5742857142857076,1.36,0.21428571428571427,0.0
one-to-one,2,2,159.34907266119552,79.51928075422518,79.82979190697036,79.830 79.519,137,1.5256404876708984,0 1,2 3,1.9943285714285712,1.57875,3.5730785714285713,sender,79.90111305834178,44.59713646808649,14,99.85785714285714,1.3564285714285713,73.57214285714285,24.929285714285715,99.575,1.4271428571428573,72.21785714285714,25.93,79.01714285714286,2.626428571428572,71.82571428571428,4.5649999999999995,78.85785714285714,3.235,70.68571428571428,4.935714285714285
incast-8,8,2,126.28359775656642,15.68569281841971,15.859697119497607,15.773 15.749 15.686 15.805 15.860 15.757 15.814 15.841,2391,10.08915901184082,0 1,2,1.1717857142857142,1.0,2.171785714285714,receiver,126.28359775656642,58.14735630955205,14,58.765,1.157142857142857,49.05714285714286,8.549285714285714,58.41357142857142,1.012857142857143,49.71071428571429,7.689285714285715,100.0,1.8542857142857143,90.36071428571428,7.784999999999999,0.8621428571428567,0.7192857142857143,0.14285714285714285,0.0
all-to-all,4,3,162.17970817365543,40.134195525943326,40.7674651377992,40.721 40.134 40.767 40.557,14370,1.543283462524414,0 1,2 3,1.99868,1.5835866666666667,3.5822666666666665,sender,81.14340873659387,45.27293003693809,15,99.93533333333333,1.3986666666666667,73.458,25.078,99.93266666666666,1.3986666666666667,73.77,24.764,79.35,2.777333333333333,71.85066666666667,4.7219999999999995,79.00866666666667,3.3893333333333335,70.81533333333333,4.804666666666666
incast,2,2,140.59972279918225,69.999341403222,70.60038139596024,69.999 70.600,120,1.7201900482177734,0 1,2,1.3128466666666665,1.0,2.3128466666666663,receiver,140.59972279918225,60.79076699097315,15,67.04333333333332,1.0866666666666667,55.89066666666667,10.062000000000001,64.24133333333333,1.1593333333333333,54.13,8.951333333333334,100.0,1.932,90.404,7.664,1.0,0.8006666666666666,0.13266666666666665,0.0
single,1,3,104.5067109837179,104.5067109837179,104.5067109837179,104.507,2,0.0,0,2,1.0,0.7710692307692306,1.7710692307692306,sender,104.5067109837179,59.007693865432564,13,100.0,1.3807692307692307,71.85692307692308,26.762307692307694,0.461538461538467,0.38384615384615384,0.0776923076923077,0.0,77.10692307692307,2.0915384615384616,70.38615384615385,4.6269230769230765,0.9146153846153737,0.7623076923076924,0.1523076923076923,0.0
one-to-one,2,1,165.49499921757973,82.1333468127305,83.36165240484925,83.362 82.133,11,2.392292022705078,0 1,2 3,1.9942857142857144,1.583807142857143,3.5780928571428574,sender,82.9845984615371,46.25229300218025,14,99.85785714285714,1.500714285714286,74.18214285714285,24.175,99.57071428571429,1.5707142857142855,72.48428571428572,25.51571428571429,79.86500000000001,2.505,72.34642857142858,5.015,78.5157142857143,3.0692857142857144,70.41428571428571,5.031428571428571
incast-4,4,2,131.38167281807998,32.4723482415576,33.298996118662544,33.299 32.703 32.908 32.472,59220,2.6941299438476562,0 1,2,1.1918066666666667,1.0,2.1918066666666665,receiver,131.38167281807998,59.942181405026595,15,59.580000000000005,1.0373333333333334,49.696000000000005,8.845333333333334,59.60066666666667,1.3433333333333335,49.632666666666665,8.621333333333332,100.0,2.0646666666666667,90.86933333333333,7.066,1.1353333333333353,1.0026666666666666,0.13266666666666665,0.0
incast-8,8,3,126.55139742745595,15.680282041780973,15.91780982556158,15.742 15.830 15.918 15.851 15.910 15.680 15.812 15.808,2757,8.429765701293945,0 1,2,1.1645857142857141,1.0,2.164585714285714,receiver,126.55139742745595,58.46448888221381,14,58.36785714285714,1.0121428571428572,49.63071428571429,7.722857142857143,58.090714285714284,0.865,49.205,8.019285714285713,100.0,1.7814285714285716,90.2942857142857,7.924285714285714,1.2921428571428635,1.0771428571428572,0.215,0.0
all-to-all,4,2,164.5210025402074,40.90138088418107,41.3938759193601,41.205 40.901 41.394 41.021,15,2.1610260009765625,0 1,2 3,1.99934,1.5896733333333333,3.589013333333333,sender,82.2876561966486,45.84017590912844,15,99.934,1.3966666666666667,73.08466666666666,25.45266666666667,100.0,1.4666666666666666,73.82866666666668,24.704666666666665,79.53266666666667,2.732666666666667,71.63333333333334,5.167333333333334,79.43466666666666,2.9593333333333334,71.54266666666668,4.932
incast,2,1,143.8881224244162,71.8764417962441,72.0116806281721,72.012 71.876,97,2.1173954010009766,0 1,2,1.3228857142857142,1.0,2.3228857142857144,receiver,143.8881224244162,61.94369423321443,14,66.27285714285713,0.9550000000000001,55.229285714285716,10.084999999999999,66.0157142857143,1.1664285714285716,55.214285714285715,9.631428571428572,100.0,2.0714285714285716,90.35714285714286,7.571428571428571,0.9321428571428498,0.7185714285714286,0.21357142857142858,0.0
outcast-8,8,2,103.68216556073757,12.834950021980713,13.067761627927108,13.068 13.046 12.987 12.896 12.835 12.872 12.986 12.993,2,9.77945327758789,0,2 3,1.0,0.7230933333333334,1.7230933333333334,sender,103.68216556073757,60.172112302334696,15,100.0,1.466,73.33466666666666,25.199333333333335,0.46666666666666856,0.40066666666666667,0.066,0.0,36.165333333333336,1.0799999999999998,32.70133333333333,2.384666666666667,36.144,1.01,32.60933333333333,2.454
outcast-4,4,3,103.7794425222413,25.81050314148788,26.094523448332023,25.903 25.811 26.095 25.971,3,1.8186569213867188,0,2 3,1.0,0.7245928571428573,1.7245928571428573,sender,103.7794425222413,60.176198743031605,14,100.0,1.4957142857142858,73.02,25.484285714285715,1.0071428571428527,0.7207142857142856,0.215,0.0,36.30285714285714,1.1657142857142857,32.88357142857143,2.2564285714285712,36.15642857142858,1.3221428571428573,32.808571428571426,2.028571428571429
all-to-all,4,1,168.71879222967237,42.050060248425595,42.43977030986529,42.050 42.176 42.440 42.053,17732,1.928567886352539,0 1,2 3,1.9985857142857142,1.5789785714285716,3.5775642857142858,sender,84.41909247308502,47.16024053107588,14,99.92928571428571,1.782142857142857,73.08,25.06714285714286,99.92928571428571,1.3542857142857143,73.28785714285713,25.287142857142857,78.74928571428572,1.8214285714285714,72.11928571428572,4.726428571428571,79.14857142857143,3.2264285714285714,71.20785714285714,4.715000000000001
outcast,2,3,102.44392225326533,51.20327342601072,51.24064882725462,51.203 51.241,144,1.1305809020996094,0,2 3,1.0,0.72695,1.72695,sender,102.44392225326533,59.32072280799405,14,100.0,1.497142857142857,73.09214285714286,25.410714285714285,0.7914285714285683,0.6478571428571429,0.14357142857142854,0.0,36.652857142857144,1.165,33.17285714285715,2.3164285714285713,36.042142857142856,1.3271428571428572,32.675714285714285,2.040714285714286
outcast-4,4,1,101.22285381665408,25.214875445802928,25.456853902391824,25.261 25.215 25.457 25.290,49,1.8613338470458984,0,2 3,1.0,0.7387,1.7387000000000001,sender,101.22285381665408,58.21754978814866,15,100.0,1.5326666666666666,73.05199999999999,25.415333333333333,1.2033333333333331,0.9373333333333334,0.2,0.0,36.95933333333333,1.51,33.288,2.164,36.910666666666664,1.4426666666666668,33.303333333333335,2.1653333333333333
outcast-8,8,1,104.49449275195923,12.921352362058723,13.160417833149245,13.107 13.016 13.160 12.921 13.062 13.073 13.108 13.047,267,6.3266754150390625,0,2 3,1.0,0.7230500000000001,1.7230500000000002,sender,104.49449275195923,60.645072837096556,14,100.0,1.4271428571428573,73.01642857142858,25.556428571428572,0.355714285714285,0.28500000000000003,0.07071428571428572,0.0,36.59357142857143,1.0785714285714285,33.198571428571434,2.2399999999999998,35.71142857142857,1.0107142857142857,32.37,2.335
incast-4,4,3,130.98155264737952,32.54658013144314,32.89228178534073,32.725 32.547 32.818 32.892,41520,1.7614364624023438,0 1,2,1.1800533333333334,1.0,2.1800533333333334,receiver,130.98155264737952,60.08181113950401,15,59.1,1.0906666666666667,49.16,8.786,58.90533333333334,1.0193333333333334,49.617333333333335,8.269333333333332,100.0,1.7306666666666668,90.47866666666667,7.790666666666667,1.0666666666666629,0.8006666666666666,0.2,0.0
single,1,1,104.96385215959468,104.96385215959468,104.96385215959468,104.964,0,0.0,0,2,0.9974133333333333,0.7737733333333332,1.7711866666666665,sender,105.23606277530682,59.26188026083908,15,99.74133333333333,1.3266666666666667,72.05133333333333,26.362666666666666,0.6633333333333411,0.5973333333333334,0.066,0.0,77.37733333333333,1.9606666666666668,70.28999999999999,5.126,0.39733333333333576,0.3313333333333333,0.066,0.0
outcast,2,1,102.85991330769428,51.339244807529276,51.520668500165,51.521 51.339,7,3.1168460845947266,0,2 3,1.0,0.7287666666666667,1.7287666666666666,sender,102.85991330769428,59.499014697006125,15,100.0,1.3326666666666667,73.46933333333332,25.198,0.5346666666666664,0.33399999999999996,0.13399999999999998,0.0,36.282666666666664,1.1613333333333336,32.87733333333333,2.2479999999999998,36.594,1.008,33.35466666666667,2.2333333333333334
incast,2,3,144.05720936680694,71.513242729035,72.54396663777196,71.513 72.544,223,0.9944438934326172,0 1,2,1.3153571428571427,1.0,2.3153571428571427,receiver,144.05720936680694,62.218137625645454,14,64.98214285714286,1.0185714285714285,54.416428571428575,9.547142857142857,66.55357142857143,1.035,54.92928571428571,10.587857142857143,100.0,2.212857142857143,89.64999999999999,8.137142857142857,1.2935714285714397,1.0057142857142858,0.28785714285714287,0.0
